typhoon_id,typhoon_name,province,city_name,impact_time,impact_latitude,impact_longitude,wind_speed,pressure,intensity_code,intensity_level,track_point_index,impact_type,sequence_in_city,city_name_processed,year,unique_id
2002,Nuri,Guangdong,Yangjiang,2020061403,21.8,111.7,18,995,2,强热带风暴,22,中心经过,1,Yangjiang,2020,0
2002,Nuri,Guangdong,Maoming,2020061406,22.1,111.1,15,998,1,热带风暴,23,中心经过,1,Maoming,2020,1
2002,Nuri,Guangxi,Yulin,2020061409,22.6,110.3,13,1002,1,热带风暴,24,中心经过,1,Yulin,2020,2
2002,Nuri,Guangxi,Guigang,2020061412,23.1,109.4,10,1005,0,热带低压,25,中心经过,1,Guigang,2020,3
2003,Sinlaku,Hainan,Hainan,2020080100,18.9,110.4,13,995,1,热带风暴,7,中心经过,1,Hainan_18.9_110.4,2020,4
2003,Sinlaku,Hainan,Hainan,2020080103,18.9,109.5,13,995,1,热带风暴,8,中心经过,2,Hainan_18.9_109.5,2020,5
2003,Sinlaku,Hainan,Hainan,2020080106,19.0,108.7,13,994,1,热带风暴,9,中心经过,3,Hainan_19.0_108.7,2020,6
2004,Hagupit,Zhejiang,Wenzhou,2020080321,28.3,120.8,38,970,4,强台风,18,中心经过,1,Wenzhou,2020,7
2004,Hagupit,Zhejiang,Taizhou,2020080400,28.6,120.6,28,985,3,台风,19,中心经过,1,Taizhou,2020,8
2004,Hagupit,Zhejiang,Jinhua,2020080403,29.0,120.6,28,985,3,台风,20,中心经过,1,Jinhua,2020,9
2004,Hagupit,Zhejiang,Shaoxing,2020080406,29.6,120.6,25,990,3,台风,21,中心经过,1,Shaoxing,2020,10
2004,Hagupit,Zhejiang,Shaoxing,2020080409,30.1,120.6,23,995,2,强热带风暴,22,中心经过,2,Shaoxing,2020,11
2004,Hagupit,Zhejiang,Jiaxing,2020080412,30.8,120.6,23,995,2,强热带风暴,23,中心经过,1,Jiaxing,2020,12
2004,Hagupit,Jiangsu,Suzhou,2020080415,31.6,120.6,20,998,2,强热带风暴,24,中心经过,1,Suzhou,2020,13
2004,Hagupit,Jiangsu,Nantong,2020080418,32.5,120.5,20,998,2,强热带风暴,25,中心经过,1,Nantong,2020,14
2004,Hagupit,Jiangsu,Yancheng,2020080421,33.5,120.5,18,998,2,强热带风暴,26,中心经过,1,Yancheng,2020,15
2006,Mekkhala,Fujian,Zhangzhou,2020081100,24.1,117.8,38,975,4,强台风,13,中心经过,1,Zhangzhou,2020,16
2006,Mekkhala,Fujian,Zhangzhou,2020081103,24.7,117.5,23,995,2,强热带风暴,14,中心经过,2,Zhangzhou,2020,17
2006,Mekkhala,Fujian,Longyan,2020081106,25.5,117.0,15,1002,1,热带风暴,15,中心经过,1,Longyan,2020,18
2007,Higos,Guangdong,Jiangmen,2020081903,22.6,112.7,23,992,2,强热带风暴,17,中心经过,1,Jiangmen,2020,19
2007,Higos,Guangdong,Yunfu,2020081906,23.0,112.2,20,995,2,强热带风暴,18,中心经过,1,Yunfu,2020,20
2007,Higos,Guangdong,Zhaoqing,2020081909,23.5,111.5,18,998,2,强热带风暴,19,中心经过,1,Zhaoqing,2020,21
2007,Higos,Guangxi,Hezhou,2020081912,23.9,110.9,15,1000,1,热带风暴,20,中心经过,1,Hezhou,2020,22
2007,Higos,Guangxi,Guilin,2020081915,24.4,110.4,13,1004,1,热带风暴,21,中心经过,1,Guilin,2020,23
2008,Bavi,Jilin,Tonghua,2020082706,42.2,125.5,20,990,2,强热带风暴,26,中心经过,1,Tonghua,2020,24
2008,Bavi,Jilin,Changchun,2020082712,44.2,126.0,15,998,1,热带风暴,27,中心经过,1,Changchun,2020,25
2008,Bavi,Heilongjiang,Harbin,2020082718,45.5,126.9,13,998,1,热带风暴,28,中心经过,1,Harbin,2020,26
2008,Bavi,Heilongjiang,Harbin,2020082800,46.0,127.0,13,1002,9,减弱为低压,29,中心经过,2,Harbin,2020,27
2009,Maysak,Jilin,Yanbian Korean,2020090306,42.7,128.8,23,975,2,强热带风暴,26,中心经过,1,Yanbian Korean,2020,28
2009,Maysak,Jilin,Changchun,2020090312,45.1,126.9,18,978,2,强热带风暴,27,中心经过,1,Changchun,2020,29
2009,Maysak,Heilongjiang,Suihua,2020090318,47.0,125.4,18,978,2,强热带风暴,28,中心经过,1,Suihua,2020,30
2009,Maysak,Heilongjiang,Qiqihar,2020090400,47.8,124.5,18,978,9,减弱为低压,29,中心经过,1,Qiqihar,2020,31
2009,Maysak,Nei Mongol,Hulunbuir,2020090406,49.1,123.1,15,980,9,减弱为低压,30,中心经过,1,Hulunbuir,2020,32
2009,Maysak,Nei Mongol,Hulunbuir,2020090412,49.6,122.8,15,980,9,减弱为低压,31,中心经过,2,Hulunbuir,2020,33
2009,Maysak,Nei Mongol,Hulunbuir,2020090418,49.9,123.4,13,990,9,减弱为低压,32,中心经过,3,Hulunbuir,2020,34
2009,Maysak,Nei Mongol,Hulunbuir,2020090500,50.2,124.3,13,990,9,减弱为低压,33,中心经过,4,Hulunbuir,2020,35
2009,Maysak,Nei Mongol,Hulunbuir,2020090506,51.3,125.1,10,998,9,减弱为低压,34,中心经过,5,Hulunbuir,2020,36
2009,Maysak,Heilongjiang,Daxing'anling,2020090512,52.5,126.0,10,998,9,减弱为低压,35,中心经过,1,Daxing'anling,2020,37
2010,Haishen,Jilin,Yanbian Korean,2020090718,42.6,128.4,20,990,2,强热带风暴,32,中心经过,1,Yanbian Korean,2020,38
2010,Haishen,Jilin,Yanbian Korean,2020090800,43.9,128.1,18,990,2,强热带风暴,33,中心经过,2,Yanbian Korean,2020,39
2010,Haishen,Heilongjiang,Harbin,2020090806,45.3,127.8,18,990,9,减弱为低压,34,中心经过,1,Harbin,2020,40
2010,Haishen,Heilongjiang,Harbin,2020090812,45.7,127.2,15,992,9,减弱为低压,35,中心经过,2,Harbin,2020,41
2016,Nangka,Hainan,Hainan,2020101312,19.2,110.5,25,988,3,台风,15,中心经过,1,Hainan_19.2_110.5,2020,42
2016,Nangka,Hainan,Hainan,2020101315,19.6,109.6,23,990,2,强热带风暴,16,中心经过,2,Hainan_19.6_109.6,2020,43
0,(nameless),Hainan,Hainan,2021070706,18.7,109.0,13,1000,1,热带风暴,11,中心经过,1,Hainan_18.7_109.0,2021,44
2104,Koguma,Hainan,Hainan,2021061203,18.8,109.6,18,995,2,强热带风暴,10,中心经过,1,Hainan_18.8_109.6,2021,45
2106,In-fa,Zhejiang,Zhoushan,2021072506,30.0,122.2,33,970,4,强台风,40,中心经过,1,Zhoushan,2021,46
2106,In-fa,Zhejiang,Zhoushan,2021072509,30.0,122.1,30,972,3,台风,41,中心经过,2,Zhoushan,2021,47
2106,In-fa,Zhejiang,Jiaxing,2021072603,30.7,121.0,25,978,3,台风,47,中心经过,1,Jiaxing,2021,48
2106,In-fa,Zhejiang,Jiaxing,2021072606,30.8,120.9,25,978,3,台风,48,中心经过,2,Jiaxing,2021,49
2106,In-fa,Jiangsu,Suzhou,2021072609,30.9,120.7,23,980,2,强热带风暴,49,中心经过,1,Suzhou,2021,50
2106,In-fa,Jiangsu,Suzhou,2021072612,31.0,120.4,23,980,2,强热带风暴,50,中心经过,2,Suzhou,2021,51
2106,In-fa,Jiangsu,Suzhou,2021072615,31.1,120.2,20,985,2,强热带风暴,51,中心经过,3,Suzhou,2021,52
2106,In-fa,Jiangsu,Suzhou,2021072618,31.2,120.0,20,985,2,强热带风暴,52,中心经过,4,Suzhou,2021,53
2106,In-fa,Jiangsu,Wuxi,2021072621,31.3,119.7,20,985,2,强热带风暴,53,中心经过,1,Wuxi,2021,54
2106,In-fa,Jiangsu,Changzhou,2021072700,31.3,119.4,20,985,2,强热带风暴,54,中心经过,1,Changzhou,2021,55
2106,In-fa,Jiangsu,Nanjing,2021072703,31.3,119.1,20,985,2,强热带风暴,55,中心经过,1,Nanjing,2021,56
2106,In-fa,Anhui,Xuancheng,2021072706,31.2,119.0,18,985,2,强热带风暴,56,中心经过,1,Xuancheng,2021,57
2106,In-fa,Anhui,Xuancheng,2021072709,31.2,119.1,18,985,2,强热带风暴,57,中心经过,2,Xuancheng,2021,58
2106,In-fa,Jiangsu,Nanjing,2021072712,31.5,119.0,18,985,2,强热带风暴,58,中心经过,2,Nanjing,2021,59
2106,In-fa,Jiangsu,Nanjing,2021072715,31.9,118.7,18,985,2,强热带风暴,59,中心经过,3,Nanjing,2021,60
2106,In-fa,Anhui,Chuzhou,2021072718,32.3,118.2,18,985,2,强热带风暴,60,中心经过,1,Chuzhou,2021,61
2106,In-fa,Anhui,Chuzhou,2021072721,32.4,117.9,18,985,2,强热带风暴,61,中心经过,2,Chuzhou,2021,62
2106,In-fa,Anhui,Chuzhou,2021072800,32.7,117.6,15,985,1,热带风暴,62,中心经过,3,Chuzhou,2021,63
2106,In-fa,Anhui,Bengbu,2021072803,33.1,117.1,15,985,1,热带风暴,63,中心经过,1,Bengbu,2021,64
2106,In-fa,Anhui,Bozhou,2021072806,33.1,116.7,15,985,1,热带风暴,64,中心经过,1,Bozhou,2021,65
2106,In-fa,Anhui,Huainan,2021072809,32.8,116.6,15,985,1,热带风暴,65,中心经过,1,Huainan,2021,66
2106,In-fa,Anhui,Huainan,2021072812,32.8,116.9,15,985,1,热带风暴,66,中心经过,2,Huainan,2021,67
2106,In-fa,Anhui,Bengbu,2021072815,33.3,116.9,15,988,1,热带风暴,67,中心经过,2,Bengbu,2021,68
2106,In-fa,Anhui,Huaibei,2021072818,34.0,116.8,15,988,1,热带风暴,68,中心经过,1,Huaibei,2021,69
2106,In-fa,Jiangsu,Xuzhou,2021072821,34.5,116.7,15,988,1,热带风暴,69,中心经过,1,Xuzhou,2021,70
2106,In-fa,Jiangsu,Xuzhou,2021072900,34.9,116.7,15,990,1,热带风暴,70,中心经过,2,Xuzhou,2021,71
2106,In-fa,Shandong,Zaozhuang,2021072903,35.3,116.9,15,990,1,热带风暴,71,中心经过,1,Zaozhuang,2021,72
2106,In-fa,Shandong,Tai'an,2021072906,35.8,117.1,15,990,1,热带风暴,72,中心经过,1,Tai'an,2021,73
2106,In-fa,Shandong,Tai'an,2021072909,36.3,117.2,15,990,1,热带风暴,73,中心经过,2,Tai'an,2021,74
2106,In-fa,Shandong,Jinan,2021072912,37.1,117.4,15,992,1,热带风暴,74,中心经过,1,Jinan,2021,75
2106,In-fa,Shandong,Dezhou,2021072915,37.8,117.5,15,992,1,热带风暴,75,中心经过,1,Dezhou,2021,76
2106,In-fa,Hebei,Cangzhou,2021072918,38.5,117.6,15,992,1,热带风暴,76,中心经过,1,Cangzhou,2021,77
2107,Cempaka,Guangdong,Yangjiang,2021072015,21.8,111.9,28,982,3,台风,18,中心经过,1,Yangjiang,2021,78
2107,Cempaka,Guangdong,Yangjiang,2021072018,21.8,111.7,23,990,2,强热带风暴,19,中心经过,2,Yangjiang,2021,79
2107,Cempaka,Guangdong,Yangjiang,2021072021,21.8,111.5,20,995,2,强热带风暴,20,中心经过,3,Yangjiang,2021,80
2107,Cempaka,Guangdong,Maoming,2021072100,21.9,111.3,20,995,2,强热带风暴,21,中心经过,1,Maoming,2021,81
2107,Cempaka,Guangdong,Maoming,2021072103,22.0,111.1,15,998,1,热带风暴,22,中心经过,2,Maoming,2021,82
2107,Cempaka,Guangdong,Maoming,2021072106,22.2,110.8,15,998,1,热带风暴,23,中心经过,3,Maoming,2021,83
2107,Cempaka,Guangxi,Yulin,2021072109,22.3,110.5,15,998,1,热带风暴,24,中心经过,1,Yulin,2021,84
2107,Cempaka,Guangxi,Yulin,2021072112,22.5,110.2,15,998,1,热带风暴,25,中心经过,2,Yulin,2021,85
2107,Cempaka,Guangxi,Yulin,2021072115,22.5,109.9,15,998,1,热带风暴,26,中心经过,3,Yulin,2021,86
2107,Cempaka,Guangxi,Qinzhou,2021072118,22.6,109.6,15,998,1,热带风暴,27,中心经过,1,Qinzhou,2021,87
2107,Cempaka,Guangxi,Nanning,2021072121,22.7,109.4,15,998,1,热带风暴,28,中心经过,1,Nanning,2021,88
2107,Cempaka,Guangxi,Nanning,2021072200,22.7,109.0,15,998,1,热带风暴,29,中心经过,2,Nanning,2021,89
2107,Cempaka,Guangxi,Nanning,2021072203,22.8,108.6,15,998,1,热带风暴,30,中心经过,3,Nanning,2021,90
2107,Cempaka,Guangxi,Nanning,2021072206,22.8,108.3,15,998,1,热带风暴,31,中心经过,4,Nanning,2021,91
2107,Cempaka,Guangxi,Nanning,2021072209,22.6,108.1,13,998,1,热带风暴,32,中心经过,5,Nanning,2021,92
2107,Cempaka,Guangxi,Chongzuo,2021072212,22.4,107.9,13,998,1,热带风暴,33,中心经过,1,Chongzuo,2021,93
2107,Cempaka,Guangxi,Fangchenggang,2021072215,22.1,107.7,13,998,1,热带风暴,34,中心经过,1,Fangchenggang,2021,94
2107,Cempaka,Guangxi,Fangchenggang,2021072218,21.8,107.6,13,998,1,热带风暴,35,中心经过,2,Fangchenggang,2021,95
2109,Lupit,Fujian,Zhangzhou,2021080509,23.6,117.4,20,986,2,强热带风暴,24,中心经过,1,Zhangzhou,2021,96
2109,Lupit,Fujian,Zhangzhou,2021080512,24.0,117.6,20,986,2,强热带风暴,25,中心经过,2,Zhangzhou,2021,97
2109,Lupit,Fujian,Zhangzhou,2021080515,24.1,117.6,18,988,2,强热带风暴,26,中心经过,3,Zhangzhou,2021,98
2109,Lupit,Fujian,Zhangzhou,2021080518,24.2,117.7,18,988,2,强热带风暴,27,中心经过,4,Zhangzhou,2021,99
2109,Lupit,Fujian,Zhangzhou,2021080521,24.3,117.9,18,988,2,强热带风暴,28,中心经过,5,Zhangzhou,2021,100
2109,Lupit,Fujian,Quanzhou,2021080603,24.6,118.6,18,990,2,强热带风暴,30,中心经过,1,Quanzhou,2021,101
2117,Lionrock,Hainan,Hainan,2021100815,19.3,110.5,20,990,2,强热带风暴,14,中心经过,1,Hainan_19.3_110.5,2021,102
2117,Lionrock,Hainan,Hainan,2021100818,19.3,110.0,20,990,2,强热带风暴,15,中心经过,2,Hainan_19.3_110.0,2021,103
2117,Lionrock,Hainan,Hainan,2021100821,19.3,109.8,20,992,2,强热带风暴,16,中心经过,3,Hainan_19.3_109.8,2021,104
2117,Lionrock,Hainan,Hainan,2021100900,19.6,110.0,20,992,2,强热带风暴,17,中心经过,4,Hainan_19.6_110.0,2021,105
2117,Lionrock,Hainan,Hainan,2021100903,19.8,110.2,20,992,2,强热带风暴,18,中心经过,5,Hainan_19.8_110.2,2021,106
2117,Lionrock,Hainan,Haikou,2021100906,20.0,110.2,20,992,2,强热带风暴,19,中心经过,1,Haikou,2021,107
2117,Lionrock,Hainan,Hainan,2021100909,19.9,110.0,20,992,2,强热带风暴,20,中心经过,6,Hainan_19.9_110.0,2021,108
2118,Kompasu,Hainan,Hainan,2021101309,19.0,110.0,25,982,3,台风,27,中心经过,1,Hainan_19.0_110.0,2021,109
2118,Kompasu,Hainan,Hainan,2021101312,18.8,109.3,25,985,3,台风,28,中心经过,2,Hainan_18.8_109.3,2021,110
2118,Kompasu,Hainan,Hainan,2021101315,18.7,108.7,23,988,2,强热带风暴,29,中心经过,3,Hainan_18.7_108.7,2021,111
0,(nameless),Guangdong,Huizhou,2022080403,22.8,114.7,13,1002,1,热带风暴,7,中心经过,1,Huizhou,2022,112
0,(nameless),Guangdong,Dongguan,2022080406,22.8,114.0,13,1002,1,热带风暴,8,中心经过,1,Dongguan,2022,113
0,(nameless),Guangdong,Foshan,2022080409,22.9,113.2,13,1002,1,热带风暴,9,中心经过,1,Foshan,2022,114
2203,Chaba,Guangdong,Maoming,2022070209,21.6,110.9,30,970,3,台风,19,中心经过,1,Maoming,2022,115
2203,Chaba,Guangdong,Maoming,2022070212,21.9,110.7,25,980,3,台风,20,中心经过,2,Maoming,2022,116
2203,Chaba,Guangxi,Yulin,2022070215,22.3,110.5,25,982,3,台风,21,中心经过,1,Yulin,2022,117
2203,Chaba,Guangxi,Yulin,2022070218,22.6,110.4,23,985,2,强热带风暴,22,中心经过,2,Yulin,2022,118
2203,Chaba,Guangxi,Yulin,2022070221,22.9,110.4,20,988,2,强热带风暴,23,中心经过,3,Yulin,2022,119
2203,Chaba,Guangxi,Guigang,2022070300,23.4,110.4,20,988,2,强热带风暴,24,中心经过,1,Guigang,2022,120
2203,Chaba,Guangxi,Guigang,2022070303,23.8,110.4,18,992,2,强热带风暴,25,中心经过,2,Guigang,2022,121
2203,Chaba,Guangxi,Laibin,2022070306,24.2,110.4,18,992,2,强热带风暴,26,中心经过,1,Laibin,2022,122
2203,Chaba,Guangxi,Guilin,2022070309,24.5,110.4,15,994,1,热带风暴,27,中心经过,1,Guilin,2022,123
2203,Chaba,Guangxi,Guilin,2022070312,24.8,110.5,15,994,1,热带风暴,28,中心经过,2,Guilin,2022,124
2203,Chaba,Guangxi,Guilin,2022070315,25.1,110.6,15,994,1,热带风暴,29,中心经过,3,Guilin,2022,125
2203,Chaba,Guangxi,Guilin,2022070318,25.4,110.9,13,994,1,热带风暴,30,中心经过,4,Guilin,2022,126
2203,Chaba,Guangxi,Guilin,2022070321,25.7,111.3,13,994,1,热带风暴,31,中心经过,5,Guilin,2022,127
2203,Chaba,Hunan,Yongzhou,2022070400,26.0,111.6,10,996,0,热带低压,32,中心经过,1,Yongzhou,2022,128
2203,Chaba,Hunan,Yongzhou,2022070403,26.3,112.0,10,996,0,热带低压,33,中心经过,2,Yongzhou,2022,129
2203,Chaba,Hunan,Hengyang,2022070406,26.7,112.3,10,996,0,热带低压,34,中心经过,1,Hengyang,2022,130
2203,Chaba,Hunan,Hengyang,2022070409,27.1,112.6,10,996,0,热带低压,35,中心经过,2,Hengyang,2022,131
2203,Chaba,Hunan,Xiangtan,2022070412,27.4,112.9,10,996,0,热带低压,36,中心经过,1,Xiangtan,2022,132
2203,Chaba,Hunan,Zhuzhou,2022070415,27.8,113.1,10,996,0,热带低压,37,中心经过,1,Zhuzhou,2022,133
2203,Chaba,Hunan,Changsha,2022070418,28.2,113.4,10,996,0,热带低压,38,中心经过,1,Changsha,2022,134
2203,Chaba,Hunan,Yueyang,2022070421,28.8,113.9,10,996,0,热带低压,39,中心经过,1,Yueyang,2022,135
2203,Chaba,Hubei,Xianning,2022070500,29.3,114.0,10,996,0,热带低压,40,中心经过,1,Xianning,2022,136
2203,Chaba,Hubei,Xianning,2022070503,29.8,114.2,10,996,0,热带低压,41,中心经过,2,Xianning,2022,137
2203,Chaba,Hubei,Wuhan,2022070506,30.3,114.4,10,996,0,热带低压,42,中心经过,1,Wuhan,2022,138
2203,Chaba,Hubei,Wuhan,2022070509,30.8,114.6,10,996,0,热带低压,43,中心经过,2,Wuhan,2022,139
2203,Chaba,Henan,Xinyang,2022070512,31.7,115.1,10,996,0,热带低压,44,中心经过,1,Xinyang,2022,140
2203,Chaba,Anhui,Fuyang,2022070515,32.7,115.3,10,996,0,热带低压,45,中心经过,1,Fuyang,2022,141
2203,Chaba,Anhui,Fuyang,2022070518,33.2,115.3,10,996,0,热带低压,46,中心经过,2,Fuyang,2022,142
2203,Chaba,Anhui,Bozhou,2022070521,33.7,115.7,10,996,0,热带低压,47,中心经过,1,Bozhou,2022,143
2203,Chaba,Anhui,Suzhou,2022070600,34.4,116.5,13,996,9,减弱为低压,48,中心经过,1,Suzhou,2022,144
2203,Chaba,Shandong,Zaozhuang,2022070603,35.2,117.3,13,996,9,减弱为低压,49,中心经过,1,Zaozhuang,2022,145
2203,Chaba,Shandong,Zibo,2022070606,36.0,118.2,15,996,9,减弱为低压,50,中心经过,1,Zibo,2022,146
2203,Chaba,Shandong,Weifang,2022070609,36.8,118.9,15,996,9,减弱为低压,51,中心经过,1,Weifang,2022,147
2209,Ma-on,Guangdong,Maoming,2022082503,21.6,111.2,30,982,3,台风,22,中心经过,1,Maoming,2022,148
2209,Ma-on,Guangdong,Zhanjiang,2022082506,21.7,110.0,23,990,2,强热带风暴,23,中心经过,1,Zhanjiang,2022,149
2212,Muifa,Shanghai,Shanghai,2022091418,31.2,121.5,33,975,4,强台风,40,中心经过,1,Shanghai_31.2_121.5,2022,150
2212,Muifa,Jiangsu,Nantong,2022091421,31.9,121.2,30,980,3,台风,41,中心经过,1,Nantong,2022,151
2212,Muifa,Jiangsu,Yancheng,2022091500,32.6,120.8,28,985,3,台风,42,中心经过,1,Yancheng,2022,152
2212,Muifa,Jiangsu,Yancheng,2022091503,33.3,120.5,25,988,3,台风,43,中心经过,2,Yancheng,2022,153
2212,Muifa,Shandong,Qingdao,2022091518,36.5,120.5,23,990,2,强热带风暴,48,中心经过,1,Qingdao,2022,154
2212,Muifa,Shandong,Yantai,2022091521,37.0,120.7,23,990,2,强热带风暴,49,中心经过,1,Yantai,2022,155
2212,Muifa,Liaoning,Dalian,2022091606,39.6,122.5,20,995,2,强热带风暴,52,中心经过,1,Dalian,2022,156
2212,Muifa,Liaoning,Dandong,2022091609,40.6,123.8,20,998,2,强热带风暴,53,中心经过,1,Dandong,2022,157
2212,Muifa,Liaoning,Fushun,2022091612,41.5,124.7,15,1000,9,减弱为低压,54,中心经过,1,Fushun,2022,158
2212,Muifa,Jilin,Tonghua,2022091615,42.3,126.0,13,1002,9,减弱为低压,55,中心经过,1,Tonghua,2022,159
2212,Muifa,Jilin,Baishan,2022091618,42.8,127.1,13,1002,9,减弱为低压,56,中心经过,1,Baishan,2022,160
2212,Muifa,Jilin,Yanbian Korean,2022091621,43.5,128.1,10,1005,9,减弱为低压,57,中心经过,1,Yanbian Korean,2022,161
2222,Nalgae,Guangdong,Zhuhai,2022110221,22.3,113.5,15,1002,1,热带风暴,36,中心经过,1,Zhuhai,2022,162
2222,Nalgae,Guangdong,Zhuhai,2022110300,22.2,113.2,10,1010,0,热带低压,37,中心经过,2,Zhuhai,2022,163
2304,TALIM,Guangxi,Beihai,2023071800,21.7,109.0,25,980,3,台风,26,中心经过,1,Beihai,2023,164
2304,TALIM,Guangxi,Qinzhou,2023071803,22.0,108.4,25,980,3,台风,27,中心经过,1,Qinzhou,2023,165
2304,TALIM,Guangxi,Chongzuo,2023071806,22.4,107.8,20,990,2,强热带风暴,28,中心经过,1,Chongzuo,2023,166
2304,TALIM,Guangxi,Chongzuo,2023071809,22.3,107.2,18,992,2,强热带风暴,29,中心经过,2,Chongzuo,2023,167
2304,TALIM,Guangxi,Chongzuo,2023071812,22.3,106.8,15,995,1,热带风暴,30,中心经过,3,Chongzuo,2023,168
2305,DOKSURI,Fujian,Quanzhou,2023072803,24.9,118.5,38,965,4,强台风,36,中心经过,1,Quanzhou,2023,169
2305,DOKSURI,Fujian,Quanzhou,2023072806,25.5,118.1,30,980,3,台风,37,中心经过,2,Quanzhou,2023,170
2305,DOKSURI,Fujian,Sanming,2023072809,26.2,117.9,25,990,3,台风,38,中心经过,1,Sanming,2023,171
2305,DOKSURI,Fujian,Sanming,2023072812,26.9,117.5,23,992,2,强热带风暴,39,中心经过,2,Sanming,2023,172
2305,DOKSURI,Fujian,Nanping,2023072815,27.7,117.2,20,995,2,强热带风暴,40,中心经过,1,Nanping,2023,173
2305,DOKSURI,Jiangxi,Yingtan,2023072818,28.2,117.1,18,996,2,强热带风暴,41,中心经过,1,Yingtan,2023,174
2305,DOKSURI,Jiangxi,Shangrao,2023072821,29.3,116.7,15,996,1,热带风暴,42,中心经过,1,Shangrao,2023,175
2305,DOKSURI,Anhui,Anqing,2023072900,30.1,116.4,13,998,1,热带风暴,43,中心经过,1,Anqing,2023,176
2305,DOKSURI,Hubei,Huanggang,2023072903,31.1,115.5,10,998,0,热带低压,44,中心经过,1,Huanggang,2023,177
2305,DOKSURI,Henan,Xinyang,2023072906,31.8,115.0,10,998,0,热带低压,45,中心经过,1,Xinyang,2023,178
2305,DOKSURI,Henan,Zhumadian,2023072909,32.4,114.5,10,998,0,热带低压,46,中心经过,1,Zhumadian,2023,179
2305,DOKSURI,Henan,Zhumadian,2023072912,33.0,114.4,10,998,0,热带低压,47,中心经过,2,Zhumadian,2023,180
2305,DOKSURI,Henan,Zhoukou,2023072915,33.5,114.3,10,998,0,热带低压,48,中心经过,1,Zhoukou,2023,181
2305,DOKSURI,Henan,Xuchang,2023072918,34.2,114.2,10,998,0,热带低压,49,中心经过,1,Xuchang,2023,182
2305,DOKSURI,Henan,Zhengzhou,2023072921,34.9,114.1,10,998,0,热带低压,50,中心经过,1,Zhengzhou,2023,183
2305,DOKSURI,Shanxi,Jincheng,2023073000,35.6,113.5,10,998,0,热带低压,51,中心经过,1,Jincheng,2023,184
2305,DOKSURI,Shanxi,Jincheng,2023073003,35.8,113.4,10,1000,0,热带低压,52,中心经过,2,Jincheng,2023,185
2305,DOKSURI,Shanxi,Changzhi,2023073006,36.0,113.3,10,1000,0,热带低压,53,中心经过,1,Changzhi,2023,186
2305,DOKSURI,Shanxi,Changzhi,2023073009,36.1,113.1,10,1000,0,热带低压,54,中心经过,2,Changzhi,2023,187
2305,DOKSURI,Shanxi,Changzhi,2023073012,36.4,112.8,10,1000,0,热带低压,55,中心经过,3,Changzhi,2023,188
2305,DOKSURI,Shanxi,Changzhi,2023073015,36.6,112.8,10,1002,0,热带低压,56,中心经过,4,Changzhi,2023,189
2305,DOKSURI,Shanxi,Changzhi,2023073018,36.8,113.2,10,1002,0,热带低压,57,中心经过,5,Changzhi,2023,190
2305,DOKSURI,Shanxi,Jinzhong,2023073021,37.0,113.3,10,1002,0,热带低压,58,中心经过,1,Jinzhong,2023,191
2305,DOKSURI,Shanxi,Jinzhong,2023073100,37.4,113.4,10,1004,0,热带低压,59,中心经过,2,Jinzhong,2023,192
2309,SAOLA,Guangdong,Yangjiang,2023090206,21.8,111.9,25,990,3,台风,46,中心经过,1,Yangjiang,2023,193
2309,SAOLA,Guangdong,Yangjiang,2023090209,21.8,111.4,20,995,2,强热带风暴,47,中心经过,2,Yangjiang,2023,194
2309,SAOLA,Guangdong,Maoming,2023090212,21.6,111.0,18,998,2,强热带风暴,48,中心经过,1,Maoming,2023,195
2309,SAOLA,Guangdong,Zhanjiang,2023090215,21.4,110.6,18,998,2,强热带风暴,49,中心经过,1,Zhanjiang,2023,196
2309,SAOLA,Guangdong,Zhanjiang,2023090218,21.3,110.2,18,998,2,强热带风暴,50,中心经过,2,Zhanjiang,2023,197
2309,SAOLA,Guangdong,Zhanjiang,2023090221,21.2,109.9,18,998,2,强热带风暴,51,中心经过,3,Zhanjiang,2023,198
2311,HAIKUI,Guangdong,Shantou,2023090503,23.5,116.8,15,1000,1,热带风暴,48,中心经过,1,Shantou,2023,199
2311,HAIKUI,Guangdong,Chaozhou,2023090506,23.7,116.7,15,1000,1,热带风暴,49,中心经过,1,Chaozhou,2023,200
2311,HAIKUI,Guangdong,Meizhou,2023090509,23.8,116.5,15,1000,1,热带风暴,50,中心经过,1,Meizhou,2023,201
2311,HAIKUI,Guangdong,Meizhou,2023090512,23.8,116.2,13,1002,1,热带风暴,51,中心经过,2,Meizhou,2023,202
2311,HAIKUI,Guangdong,Jieyang,2023090515,23.6,116.0,13,1004,1,热带风暴,52,中心经过,1,Jieyang,2023,203
2311,HAIKUI,Guangdong,Jieyang,2023090518,23.4,115.7,13,1004,1,热带风暴,53,中心经过,2,Jieyang,2023,204
2311,HAIKUI,Guangdong,Heyuan,2023090521,23.3,115.4,13,1004,1,热带风暴,54,中心经过,1,Heyuan,2023,205
2311,HAIKUI,Guangdong,Huizhou,2023090600,23.3,115.1,10,1004,0,热带低压,55,中心经过,1,Huizhou,2023,206
2311,HAIKUI,Guangdong,Huizhou,2023090603,23.2,114.9,10,1004,0,热带低压,56,中心经过,2,Huizhou,2023,207
2311,HAIKUI,Guangdong,Huizhou,2023090606,23.1,114.8,10,1004,0,热带低压,57,中心经过,3,Huizhou,2023,208
2311,HAIKUI,Guangdong,Huizhou,2023090609,23.0,114.7,10,1004,0,热带低压,58,中心经过,4,Huizhou,2023,209
2311,HAIKUI,Guangdong,Huizhou,2023090612,22.9,114.6,10,1004,0,热带低压,59,中心经过,5,Huizhou,2023,210
2311,HAIKUI,Guangdong,Huizhou,2023090615,22.8,114.5,10,1004,0,热带低压,60,中心经过,6,Huizhou,2023,211
2311,HAIKUI,Guangdong,Shenzhen,2023090618,22.7,114.2,10,1004,0,热带低压,61,中心经过,1,Shenzhen,2023,212
2311,HAIKUI,Guangdong,Shenzhen,2023090621,22.7,113.9,10,1004,0,热带低压,62,中心经过,2,Shenzhen,2023,213
2311,HAIKUI,Guangdong,Dongguan,2023090700,23.0,113.8,10,1006,0,热带低压,63,中心经过,1,Dongguan,2023,214
2311,HAIKUI,Guangdong,Guangzhou,2023090703,23.2,113.6,10,1006,0,热带低压,64,中心经过,1,Guangzhou,2023,215
2311,HAIKUI,Guangdong,Guangzhou,2023090706,23.2,113.4,10,1006,0,热带低压,65,中心经过,2,Guangzhou,2023,216
2311,HAIKUI,Guangdong,Guangzhou,2023090709,23.2,113.3,10,1006,0,热带低压,66,中心经过,3,Guangzhou,2023,217
2311,HAIKUI,Guangdong,Foshan,2023090712,23.2,113.2,10,1006,0,热带低压,67,中心经过,1,Foshan,2023,218
2311,HAIKUI,Guangdong,Foshan,2023090715,23.1,113.0,10,1006,0,热带低压,68,中心经过,2,Foshan,2023,219
2311,HAIKUI,Guangdong,Zhaoqing,2023090718,23.0,112.7,10,1004,0,热带低压,69,中心经过,1,Zhaoqing,2023,220
2311,HAIKUI,Guangdong,Yunfu,2023090721,22.9,112.3,10,1004,0,热带低压,70,中心经过,1,Yunfu,2023,221
2311,HAIKUI,Guangdong,Yunfu,2023090800,22.7,111.9,10,1004,0,热带低压,71,中心经过,2,Yunfu,2023,222
2311,HAIKUI,Guangdong,Yunfu,2023090803,22.6,111.5,10,1004,0,热带低压,72,中心经过,3,Yunfu,2023,223
2311,HAIKUI,Guangdong,Maoming,2023090806,22.6,111.1,10,1004,0,热带低压,73,中心经过,1,Maoming,2023,224
2311,HAIKUI,Guangdong,Maoming,2023090809,22.4,111.0,10,1004,0,热带低压,74,中心经过,2,Maoming,2023,225
2311,HAIKUI,Guangdong,Maoming,2023090812,22.2,110.8,10,1004,0,热带低压,75,中心经过,3,Maoming,2023,226
2311,HAIKUI,Guangdong,Maoming,2023090815,21.9,110.6,10,1004,0,热带低压,76,中心经过,4,Maoming,2023,227
2311,HAIKUI,Guangdong,Zhanjiang,2023090818,21.5,110.3,10,1004,0,热带低压,77,中心经过,1,Zhanjiang,2023,228
2311,HAIKUI,Guangdong,Zhanjiang,2023090821,21.2,110.0,10,1004,0,热带低压,78,中心经过,2,Zhanjiang,2023,229
2311,HAIKUI,Guangdong,Zhanjiang,2023090900,21.2,109.8,10,1004,0,热带低压,79,中心经过,3,Zhanjiang,2023,230
2311,HAIKUI,Guangdong,Zhanjiang,2023090906,21.5,110.0,10,1004,0,热带低压,81,中心经过,4,Zhanjiang,2023,231
2311,HAIKUI,Guangdong,Zhanjiang,2023090909,21.5,110.0,10,1004,0,热带低压,82,中心经过,5,Zhanjiang,2023,232
2311,HAIKUI,Guangdong,Zhanjiang,2023090912,21.6,110.0,10,1004,0,热带低压,83,中心经过,6,Zhanjiang,2023,233
2311,HAIKUI,Guangdong,Zhanjiang,2023090915,21.6,110.0,10,1004,0,热带低压,84,中心经过,7,Zhanjiang,2023,234
2311,HAIKUI,Guangdong,Zhanjiang,2023090918,21.7,110.0,10,1002,0,热带低压,85,中心经过,8,Zhanjiang,2023,235
2311,HAIKUI,Guangxi,Yulin,2023090921,21.9,110.0,10,1002,0,热带低压,86,中心经过,1,Yulin,2023,236
2311,HAIKUI,Guangxi,Yulin,2023091000,22.1,110.0,10,1002,0,热带低压,87,中心经过,2,Yulin,2023,237
2311,HAIKUI,Guangxi,Yulin,2023091003,22.4,109.9,10,1002,0,热带低压,88,中心经过,3,Yulin,2023,238
2311,HAIKUI,Guangxi,Yulin,2023091006,22.6,109.7,10,1002,0,热带低压,89,中心经过,4,Yulin,2023,239
2311,HAIKUI,Guangxi,Qinzhou,2023091009,22.5,109.5,10,1002,0,热带低压,90,中心经过,1,Qinzhou,2023,240
2311,HAIKUI,Guangxi,Qinzhou,2023091012,22.3,109.4,10,1002,0,热带低压,91,中心经过,2,Qinzhou,2023,241
2316,SANBA,Guangdong,Zhanjiang,2023102003,21.0,109.7,20,998,2,强热带风暴,22,中心经过,1,Zhanjiang,2023,242
2316,SANBA,Hainan,Hainan,2023102012,19.9,109.6,13,1010,1,热带风暴,25,中心经过,1,Hainan_19.9_109.6,2023,243
2316,SANBA,Hainan,Hainan,2023102015,19.8,109.4,13,1010,1,热带风暴,26,中心经过,2,Hainan_19.8_109.4,2023,244
2316,SANBA,Hainan,Hainan,2023102018,19.7,109.3,13,1010,1,热带风暴,27,中心经过,3,Hainan_19.7_109.3,2023,245
2316,SANBA,Hainan,Hainan,2023102021,19.6,109.2,13,1012,1,热带风暴,28,中心经过,4,Hainan_19.6_109.2,2023,246
2402,MALIKSI,Guangdong,Yangjiang,2024053118,21.6,111.6,18,998,2,强热带风暴,11,中心经过,1,Yangjiang,2024,247
2402,MALIKSI,Guangdong,Yangjiang,2024053121,22.0,111.9,18,998,2,强热带风暴,12,中心经过,2,Yangjiang,2024,248
2402,MALIKSI,Guangdong,Yangjiang,2024060100,22.4,112.1,15,1000,1,热带风暴,13,中心经过,3,Yangjiang,2024,249
2402,MALIKSI,Guangdong,Yunfu,2024060103,22.8,112.3,15,1000,1,热带风暴,14,中心经过,1,Yunfu,2024,250
2402,MALIKSI,Guangdong,Zhaoqing,2024060106,23.3,112.6,13,1002,1,热带风暴,15,中心经过,1,Zhaoqing,2024,251
2402,MALIKSI,Guangdong,Qingyuan,2024060109,23.7,112.9,13,1002,1,热带风暴,16,中心经过,1,Qingyuan,2024,252
2402,MALIKSI,Guangdong,Qingyuan,2024060112,24.0,113.5,13,1002,1,热带风暴,17,中心经过,2,Qingyuan,2024,253
2402,MALIKSI,Guangdong,Heyuan,2024060115,24.4,114.4,10,1005,0,热带低压,18,中心经过,1,Heyuan,2024,254
2402,MALIKSI,Jiangxi,Ganzhou,2024060118,24.7,115.0,10,1005,0,热带低压,19,中心经过,1,Ganzhou,2024,255
2402,MALIKSI,Jiangxi,Ganzhou,2024060121,24.8,115.6,10,1005,0,热带低压,20,中心经过,2,Ganzhou,2024,256
2402,MALIKSI,Guangdong,Meizhou,2024060200,24.8,116.3,10,1005,0,热带低压,21,中心经过,1,Meizhou,2024,257
2402,MALIKSI,Fujian,Longyan,2024060203,24.6,116.8,10,1005,0,热带低压,22,中心经过,1,Longyan,2024,258
2402,MALIKSI,Fujian,Zhangzhou,2024060206,24.3,117.1,10,1005,0,热带低压,23,中心经过,1,Zhangzhou,2024,259
2403,GAEMI,Fujian,Putian,2024072518,25.5,118.8,28,978,3,台风,36,中心经过,1,Putian,2024,260
2403,GAEMI,Fujian,Fuzhou,2024072521,25.9,118.6,25,980,3,台风,37,中心经过,1,Fuzhou,2024,261
2403,GAEMI,Fujian,Nanping,2024072600,26.5,118.2,25,982,3,台风,38,中心经过,1,Nanping,2024,262
2403,GAEMI,Fujian,Nanping,2024072603,27.0,117.9,23,984,2,强热带风暴,39,中心经过,2,Nanping,2024,263
2403,GAEMI,Fujian,Nanping,2024072606,27.4,117.7,20,986,2,强热带风暴,40,中心经过,3,Nanping,2024,264
2403,GAEMI,Fujian,Nanping,2024072609,27.8,117.4,18,988,2,强热带风暴,41,中心经过,4,Nanping,2024,265
2403,GAEMI,Jiangxi,Yingtan,2024072612,28.0,117.1,18,988,2,强热带风暴,42,中心经过,1,Yingtan,2024,266
2403,GAEMI,Jiangxi,Yingtan,2024072615,28.2,116.8,15,992,1,热带风暴,43,中心经过,2,Yingtan,2024,267
2403,GAEMI,Jiangxi,Nanchang,2024072618,28.4,116.4,15,992,1,热带风暴,44,中心经过,1,Nanchang,2024,268
2403,GAEMI,Jiangxi,Nanchang,2024072621,28.8,116.2,15,992,1,热带风暴,45,中心经过,2,Nanchang,2024,269
2403,GAEMI,Jiangxi,Nanchang,2024072700,29.1,116.1,15,994,1,热带风暴,46,中心经过,3,Nanchang,2024,270
2403,GAEMI,Jiangxi,Jiujiang,2024072703,29.4,115.9,15,995,1,热带风暴,47,中心经过,1,Jiujiang,2024,271
2403,GAEMI,Jiangxi,Jiujiang,2024072706,29.7,115.6,15,995,1,热带风暴,48,中心经过,2,Jiujiang,2024,272
2403,GAEMI,Hubei,Huangshi,2024072709,29.7,115.4,15,995,1,热带风暴,49,中心经过,1,Huangshi,2024,273
2403,GAEMI,Jiangxi,Jiujiang,2024072712,29.6,115.2,13,998,1,热带风暴,50,中心经过,3,Jiujiang,2024,274
2403,GAEMI,Jiangxi,Jiujiang,2024072715,29.5,114.9,13,998,1,热带风暴,51,中心经过,4,Jiujiang,2024,275
2403,GAEMI,Hubei,Xianning,2024072718,29.5,114.7,13,998,1,热带风暴,52,中心经过,1,Xianning,2024,276
2403,GAEMI,Hubei,Xianning,2024072721,29.5,114.4,13,998,1,热带风暴,53,中心经过,2,Xianning,2024,277
2403,GAEMI,Hubei,Xianning,2024072800,29.5,114.2,10,998,0,热带低压,54,中心经过,3,Xianning,2024,278
2404,PRAPIROON,Hainan,Hainan,2024072118,18.8,110.2,28,985,3,台风,16,中心经过,1,Hainan_18.8_110.2,2024,279
2404,PRAPIROON,Hainan,Hainan,2024072121,19.4,109.7,23,990,2,强热带风暴,17,中心经过,2,Hainan_19.4_109.7,2024,280
2404,PRAPIROON,Hainan,Hainan,2024072200,19.5,109.2,23,990,2,强热带风暴,18,中心经过,3,Hainan_19.5_109.2,2024,281
2411,YAGI,Hainan,Hainan,2024090609,19.8,110.8,60,920,6,变性温带气旋,27,中心经过,1,Hainan_19.8_110.8,2024,282
2411,YAGI,Hainan,Haikou,2024090612,20.0,110.3,58,925,6,变性温带气旋,28,中心经过,1,Haikou,2024,283
2413,BEBINCA,Shanghai,Shanghai,2024091600,30.9,121.8,42,965,5,超强台风,31,中心经过,1,Shanghai_30.9_121.8,2024,284
2413,BEBINCA,Shanghai,Shanghai,2024091603,31.2,121.1,38,975,4,强台风,32,中心经过,2,Shanghai_31.2_121.1,2024,285
2413,BEBINCA,Jiangsu,Wuxi,2024091606,31.5,120.5,33,978,4,强台风,33,中心经过,1,Wuxi,2024,286
2413,BEBINCA,Jiangsu,Changzhou,2024091609,31.6,119.9,30,980,3,台风,34,中心经过,1,Changzhou,2024,287
2413,BEBINCA,Jiangsu,Changzhou,2024091612,31.8,119.4,28,985,3,台风,35,中心经过,2,Changzhou,2024,288
2413,BEBINCA,Jiangsu,Nanjing,2024091615,31.9,118.7,23,990,2,强热带风暴,36,中心经过,1,Nanjing,2024,289
2413,BEBINCA,Anhui,Chuzhou,2024091618,32.2,118.1,20,995,2,强热带风暴,37,中心经过,1,Chuzhou,2024,290
2413,BEBINCA,Anhui,Chuzhou,2024091621,32.4,117.5,18,998,2,强热带风暴,38,中心经过,2,Chuzhou,2024,291
2413,BEBINCA,Anhui,Hefei,2024091700,32.6,117.0,18,998,2,强热带风暴,39,中心经过,1,Hefei,2024,292
2413,BEBINCA,Anhui,Huainan,2024091703,32.8,116.7,15,1002,1,热带风暴,40,中心经过,1,Huainan,2024,293
2413,BEBINCA,Anhui,Bozhou,2024091706,33.0,116.3,15,1002,1,热带风暴,41,中心经过,1,Bozhou,2024,294
2413,BEBINCA,Anhui,Bozhou,2024091709,33.1,116.1,15,1002,1,热带风暴,42,中心经过,2,Bozhou,2024,295
2413,BEBINCA,Anhui,Bozhou,2024091712,33.1,115.9,13,1005,1,热带风暴,43,中心经过,3,Bozhou,2024,296
2413,BEBINCA,Anhui,Fuyang,2024091715,33.2,115.7,13,1005,1,热带风暴,44,中心经过,1,Fuyang,2024,297
2413,BEBINCA,Anhui,Fuyang,2024091718,33.4,115.4,13,1005,1,热带风暴,45,中心经过,2,Fuyang,2024,298
2413,BEBINCA,Henan,Zhoukou,2024091721,33.5,115.2,13,1005,1,热带风暴,46,中心经过,1,Zhoukou,2024,299
2413,BEBINCA,Henan,Zhoukou,2024091800,33.5,115.0,10,1008,0,热带低压,47,中心经过,2,Zhoukou,2024,300
2413,BEBINCA,Henan,Zhoukou,2024091803,33.5,114.9,10,1008,0,热带低压,48,中心经过,3,Zhoukou,2024,301
2413,BEBINCA,Henan,Zhoukou,2024091806,33.3,114.8,10,1008,0,热带低压,49,中心经过,4,Zhoukou,2024,302
2413,BEBINCA,Henan,Zhumadian,2024091809,33.1,114.7,10,1008,0,热带低压,50,中心经过,1,Zhumadian,2024,303
2413,BEBINCA,Henan,Zhumadian,2024091812,32.8,114.8,10,1008,0,热带低压,51,中心经过,2,Zhumadian,2024,304
2414,PULASAN,Zhejiang,Zhoushan,2024091909,30.2,122.7,23,995,2,强热带风暴,20,中心经过,1,Zhoushan,2024,305
2414,PULASAN,Shanghai,Shanghai,2024091915,31.1,121.6,23,995,2,强热带风暴,22,中心经过,1,Shanghai_31.1_121.6,2024,306
2414,PULASAN,Jiangsu,Suzhou,2024091918,31.5,120.9,20,998,2,强热带风暴,23,中心经过,1,Suzhou,2024,307
2414,PULASAN,Jiangsu,Wuxi,2024091921,31.8,120.3,18,1000,2,强热带风暴,24,中心经过,1,Wuxi,2024,308
2414,PULASAN,Jiangsu,Wuxi,2024092000,31.9,120.0,18,1000,2,强热带风暴,25,中心经过,2,Wuxi,2024,309
2414,PULASAN,Jiangsu,Taizhou,2024092003,32.1,120.0,15,1000,1,热带风暴,26,中心经过,1,Taizhou,2024,310
2414,PULASAN,Jiangsu,Nantong,2024092006,32.5,120.4,15,1000,1,热带风暴,27,中心经过,1,Nantong,2024,311
2414,PULASAN,Jiangsu,Yancheng,2024092009,32.7,120.6,15,1000,1,热带风暴,28,中心经过,1,Yancheng,2024,312
